<?xml version="1.0" encoding="UTF-8"?>  
<beans xmlns="http://www.springframework.org/schema/beans"  
    xmlns:xsi="http://www.w3.org/2001/XMLSchema-instance" xmlns:p="http://www.springframework.org/schema/p"  
    xmlns:context="http://www.springframework.org/schema/context"  
    xmlns:mvc="http://www.springframework.org/schema/mvc"  
    xsi:schemaLocation="http://www.springframework.org/schema/beans    
                        http://www.springframework.org/schema/beans/spring-beans-3.1.xsd    
                        http://www.springframework.org/schema/context    
                        http://www.springframework.org/schema/context/spring-context-3.1.xsd    
                        http://www.springframework.org/schema/mvc    
                        http://www.springframework.org/schema/mvc/spring-mvc-4.0.xsd">  
    <!-- 自动扫描该包，使SpringMVC认为包下用了@controller注解的类是控制器 -->  
    <context:component-scan base-package="com.tomcat.status.controller" />  
    <!-- 扩充了注解驱动，可以将请求参数绑定到控制器参数 -->
    <mvc:annotation-driven/>
    <!-- 静态资源处理  css js imgs -->
    <mvc:resources location="/resources/**" mapping="/resources"/>
    
    <!--避免IE执行AJAX时，返回JSON出现下载文件 -->  
    <bean id="mappingJacksonHttpMessageConverter"  
        class="org.springframework.http.converter.json.MappingJackson2HttpMessageConverter">  
        <property name="supportedMediaTypes">  
            <list>  
                <value>text/html;charset=UTF-8</value>  
            </list>  
        </property>  
    </bean>  
    <!-- 启动SpringMVC的注解功能，完成请求和注解POJO的映射 -->  
    <bean  
        class="org.springframework.web.servlet.mvc.annotation.AnnotationMethodHandlerAdapter">  
        <property name="messageConverters">  
            <list>  
                <ref bean="mappingJacksonHttpMessageConverter" /> <!-- JSON转换器 -->  
            </list>  
        </property>  
    </bean>  
      
    
    <!-- 配置ViewResolver 。可用多个ViewResolver 。使用order属性排序。   InternalResourceViewResolver 放在最后-->
    
    
    
   <!-- 定义跳转的文件的前后缀 ，视图模式配置-->  
    <bean class="org.springframework.web.servlet.view.InternalResourceViewResolver">  
        <!-- 这里的配置我的理解是自动给后面action的方法return的字符串加上前缀和后缀，变成一个 可用的url地址 -->  
        <property name="prefix" value="/WEB-INF/jsp/" />  
        <property name="suffix" value=".jsp" />  
    </bean>  
</beans>  